contact,company_name
bmeasey0@ovh.net,Jatri
sfolshom1@cisco.com,Oodoo
rcashmore2@wired.com,Flipopia
jwhiles3@yale.edu,Skipfire
bmcsporon4@github.io,Edgeify
gcartan5@trellian.com,Abata
agillicuddy6@netvibes.com,Feedspan
fgegg7@washington.edu,Centidel
wboshers8@craigslist.org,Eadel
gmechic9@whitehouse.gov,Dabjam
dbulliona@weebly.com,Leenti
rmccormickb@adobe.com,Topicware
fmuldowniec@fda.gov,Youbridge
chowsegod@marketwatch.com,Skalith
cbeagleye@issuu.com,Blogspan
rshellsheeref@auda.org.au,Shufflebeat
cmcilwaing@facebook.com,Skimia
hdenisckeh@issuu.com,Blognation
sabbayi@networksolutions.com,Demizz
bmandevillej@dyndns.org,Browseblab
aemlynk@gizmodo.com,Wordify
gfewlessl@theatlantic.com,Eayo
cdarringtonm@themeforest.net,Edgeblab
lchecon@amazon.com,Flashspan
mcallendaro@exblog.jp,Jabbersphere
kkidsonp@ocn.ne.jp,Zooveo
bhearnshawq@psu.edu,Babbleset
jbarochr@gov.uk,Realpoint
ksmellies@google.cn,Twiyo
bdrewt@blogtalkradio.com,Mudo
kspieru@purevolume.com,Jatri
awoolvinv@census.gov,Yakidoo
dbulpittw@usda.gov,Yakijo
jdantonx@networkadvertising.org,Realpoint
icrewsy@hubpages.com,Devpulse
traglesz@i2i.jp,Riffpedia
ycrus10@ftc.gov,Dablist
gdeboy11@bigcartel.com,Janyx
lcaulket12@home.pl,Twitterbeat
omatteacci13@go.com,Viva
gwhitelaw14@gizmodo.com,Dynava
baldhouse15@ycombinator.com,Brainbox
wvandrill16@xing.com,Jaxbean
ebowerbank17@fotki.com,Meejo
agypps18@lulu.com,Flashdog
dkeenleyside19@studiopress.com,Meemm
msalvidge1a@meetup.com,Jaloo
mtambling1b@icq.com,Pixoboo
jpiscopo1c@lulu.com,Rhyzio
jsher1d@privacy.gov.au,Agimba
